ratio,tokens,mode,candidate_median_us,candidate_p95_us,baseline_median_us,speedup,candidate_round_spread,baseline_round_spread,latency_pass,noise_pass,previous_candidate_median_us,r10_over_previous
1,1,prefill,1.4830859727226198,1.4865625416859984,28.456054627895355,19.187056685362816,0.00044773735839589773,0.0005724355305529855,True,True,1.4298827736638486,1.0372080844938403
1,1,decode,1.4834374887868762,1.4875781489536166,28.554921969771385,19.249157571933143,0.0005793914874581404,0.000261281261205398,True,True,1.4773437287658453,1.004124808534654
1,2,prefill,1.5964062185958028,1.599609386175871,31.48597665131092,19.723035581135452,0.000856495880192096,0.0011030909621681927,True,True,1.5701953088864684,1.0166927703585629
1,2,decode,1.596718793734908,1.5996875008568168,31.12464863806963,19.492880499806425,0.00022022192070261036,0.0012892036378192538,True,True,1.5678125200793147,1.0184373279874885
1,4,prefill,1.8267187988385558,1.8308593425899744,31.227929517626762,17.09509396710745,0.0008768407345154573,0.0008191686660590291,True,True,1.8842187710106373,0.9694833885232763
1,4,decode,1.8399219261482358,1.843671896494925,31.29851445555687,17.010783996187488,0.00042458614080362014,0.0007151018853551705,True,True,1.90082035260275,0.967962029462107
1,8,prefill,2.2866406943649054,2.293046796694398,39.0792191028595,17.090231621944177,0.0007174388187653933,0.00022886620530251827,True,True,2.400820259936154,0.9524414353391516
1,8,decode,2.4307812564074993,2.435390604659915,39.08492252230644,16.07916073043563,0.0006428562260647046,0.0002838534835628054,True,True,2.253984333947301,1.078437511653234
1,16,prefill,3.1620702939108014,3.166640643030405,54.216641932725906,17.145931903263154,0.0005187990191079867,0.0006239221316596284,True,True,3.1036718282848597,1.0188159279901103
1,16,decode,3.0910156201571226,3.095703199505806,54.30769361555576,17.569530629804838,0.00024010136458173814,0.0007883295398575629,True,True,3.3037109533324838,0.9356192668850726
1,32,prefill,4.90574212744832,4.909843672066927,67.26347655057907,13.71117250012601,0.00015130395245980456,0.00016665888482109758,True,True,4.935585893690586,0.9939533488252293
1,32,decode,4.8229689709842205,4.828124772757292,67.25074350833893,13.943847433589253,0.00021868569319092405,9.638495486248249e-05,True,True,4.763906355947256,1.0123979378736592
1,64,prefill,5.882578203454614,5.890390835702419,80.31683415174484,13.653338956816219,0.00033866859069692104,0.00015853477871782378,True,True,6.287890486419201,0.9355408170927921
1,64,decode,6.380117032676935,6.385312415659428,80.44929429888725,12.609375954524266,0.00014695435904872833,0.00026749273782914986,True,True,6.72355480492115,0.9489202092927325
1,128,prefill,7.115156389772892,7.121328264474869,80.94765618443489,11.376792265702912,0.00014274170691789731,0.0002553112024048585,True,True,7.532656192779541,0.9445746902126178
1,128,decode,7.981015369296074,7.986562326550484,81.1510905623436,10.168015823467977,0.00029369999508166276,0.00018151549740204223,True,True,7.228437345474958,1.1041135155293604
1,512,prefill,12.93804682791233,12.949452735483646,96.86769545078278,7.487041648496897,0.0004921045171977086,0.0001124866746554639,True,True,11.98074221611023,1.0799036148624277
1,2048,prefill,31.390195712447166,31.40648454427719,111.3186739385128,3.546287986167973,0.0001630644630969039,0.0002112693896891502,True,True,29.65652383863926,1.0584583642789962
1,4096,prefill,55.66324107348919,55.67726492881775,133.64426046609879,2.400942846458679,7.154300869204054e-05,0.00012097860429269998,True,True,53.21015603840351,1.0461018199855532
2,1,prefill,1.5927734202705324,1.5999999595806003,3.810117137618363,2.3921275236820656,0.001495963033922808,0.0005228627656024614,True,True,1.6392187681049109,0.9716661688249985
2,1,decode,1.6153125325217843,1.6190625028684735,3.751249983906746,2.322305998610926,0.0008222883719227208,0.0005519017457853598,True,True,1.6821484896354377,0.9602675046076709
2,2,prefill,2.31054681353271,2.3191405925899744,57.707538828253746,24.975706395674283,0.0004733950090381365,0.0003201659659801631,True,True,2.2075390443205833,1.0466618107965695
2,2,decode,2.617734484374523,2.627734327688813,63.459962606430054,24.24232212442778,0.0007460920333451597,0.0003785656582187843,True,True,2.5153515161946416,1.0407032446640985
2,4,prefill,2.6396875036880374,2.6471875607967377,58.83406288921833,22.288268140459188,0.0005919011152057332,0.00047273821421714906,True,True,2.560234279371798,1.0310335756990703
2,4,decode,3.0323828104883432,3.0387500301003456,67.5702728331089,22.28289667102657,0.001417788254931626,0.0002630532961636618,True,True,2.8750781202688813,1.0547131881775618
2,8,prefill,3.8796484004706144,3.888125065714121,72.11734354496002,18.588628685066396,0.0004732780366370797,0.0002492061461757292,True,True,4.109843634068966,0.9439892964077453
2,8,decode,3.6090624053031206,3.6152342800050974,82.98808708786964,22.994361905720382,0.00045453243539846485,0.0002305999747179471,True,True,3.585781203582883,1.0064926442519626
2,16,prefill,4.43972647190094,4.446953069418669,105.20195588469505,23.695593985467116,0.0006334537082424133,0.0001726661728659642,True,True,4.30093752220273,1.0322694642695318
2,16,decode,5.069179693236947,5.07414061576128,117.33953282237053,23.147637275301015,0.00031595684008436356,0.00011220075235462042,True,True,5.4856641218066216,0.924077665106388
2,32,prefill,6.135507952421904,6.147031206637621,106.87199234962463,17.418605464839867,0.0004711451665955041,0.00010268940269067149,True,True,5.59230474755168,1.0971340492679766
2,32,decode,6.687851622700691,6.701718550175428,129.59543615579605,19.37773794441073,0.0007359840457292628,0.00021369458622559306,True,True,6.911054719239473,0.9677034684854378
2,64,prefill,7.265546824783087,7.269531022757292,129.53715026378632,17.828960901047342,6.989238111517477e-05,0.00011969174171269852,True,True,6.769765634089708,1.073234616601324
2,64,decode,8.538281545042992,8.55046883225441,168.8959375023842,19.781022283159412,0.000292797439306701,0.00010644742760946295,True,True,8.270781487226486,1.032342779002158
2,128,prefill,8.400898426771164,8.409922011196613,135.88988780975342,16.17563752190037,0.00032541706844949324,0.00012845859554128604,True,True,8.364374749362469,1.004366575925054
2,128,decode,10.564882773905993,10.576640255749226,194.32023167610168,18.393032448599392,0.00026993742908577563,6.717501383950984e-05,True,True,11.36242225766182,0.9298090261327828
2,512,prefill,16.905898228287697,16.926562413573265,168.77508163452148,9.983207005950122,0.00021027714825624217,0.00015389320676713371,True,True,16.93207025527954,0.9984542925586029
2,2048,prefill,49.894530326128006,50.21609365940094,249.94534999132156,5.009473951505141,0.00789051371350608,7.801185374765726e-05,True,True,48.21871034801006,1.0347545582621975
2,4096,prefill,93.28624978661537,93.55656057596207,319.108247756958,3.4207425905413915,0.0035932502531736106,0.00012790268226260638,True,True,90.37074446678162,1.0322616056450153
